<?xml version="1.0" encoding="UTF-8"?>
<!-- Licensed to the Apache Software Foundation (ASF) under one or more contributor 
	license agreements. See the NOTICE file distributed with this work for additional 
	information regarding copyright ownership. The ASF licenses this file to 
	you under the Apache License, Version 2.0 (the "License"); you may not use 
	this file except in compliance with the License. You may obtain a copy of 
	the License at http://www.apache.org/licenses/LICENSE-2.0 Unless required 
	by applicable law or agreed to in writing, software distributed under the 
	License is distributed on an "AS IS" BASIS, WITHOUT WARRANTIES OR CONDITIONS 
	OF ANY KIND, either express or implied. See the License for the specific 
	language governing permissions and limitations under the License. -->

<screens xmlns:xsi="http://www.w3.org/2001/XMLSchema-instance"
	xsi:noNamespaceSchemaLocation="http://ofbiz.apache.org/dtds/widget-screen.xsd">
	<screen name="main-decorator">
		<section>
			<actions>
				<!-- base/top/specific map first, then more common map added for shared 
					labels -->
				<property-map resource="LearningUiLabels" map-name="uiLabelMap"
					global="true" />
				<property-map resource="CommonUiLabels" map-name="uiLabelMap"
					global="true" />

				<set field="layoutSettings.companyName" from-field="uiLabelMap.LearningCompanyName"
					global="true" />
				<set field="layoutSettings.companySubtitle" from-field="uiLabelMap.LearningCompanySubtitle"
					global="true" />
				<set field="layoutSettings.headerImageUrl" value="/flatgrey/images/ofbiz_logo.gif"
					global="true" />
				<set field="activeApp" value="learning" global="true" />
				<set field="applicationMenuName" value="PartyAppBar" global="true" />
				<set field="applicationMenuLocation" value="component://party/widget/partymgr/PartyMenus.xml"
					global="true" />
				<set field="appheaderTemplate"
					value="component://learning/webapp/learning/includes/appheader.ftl"
					global="true" />
			</actions>
			<widgets>
				<include-screen name="GlobalDecorator"
					location="component://common/widget/CommonScreens.xml" />
			</widgets>
		</section>
	</screen>

	<screen name="login">

		<section>

			<widgets>

				<decorator-screen name="main-decorator"
					location="${parameters.mainDecoratorLocation}">

					<decorator-section name="body">

						<platform-specific>

							<html>

								<html-template location="component://common/webcommon/login.ftl" />

							</html>

						</platform-specific>

					</decorator-section>

				</decorator-screen>

			</widgets>

		</section>

	</screen>


</screens>
